school_code,school_name,2016
1001,Abbotsford Public School,95.2
1002,Aberdeen Public School,92.7
1003,Abermain Public School,91.5
1007,Adaminaby Public School,85.5
1008,Adamstown Public School,93.2
1009,Adelong Public School,92.7
3640,Afterlee Public School,97
8493,Airds High School,83
5748,Ajuga School,
4177,Albert Park Public School,87.9
8586,Albion Park High School,86.7
1015,Albion Park Public School,93.5
4121,Albion Park Rail Public School,93.9
8101,Albury High School,90.4
3922,Albury North Public School,91.9
1017,Albury Public School,93.8
1019,Albury West Public School,93.2
4601,Aldavilla Public School,92.7
8556,Alexandria Park Community School,91.5
4605,Alfords Point Public School,94.3
4200,Allambie Heights Public School,95.6
1028,Alma Public School,90.9
8578,Alstonville High School,90.6
1030,Alstonville Public School,93.6
8570,Ambarvale High School,86.1
4505,Ambarvale Public School,93.5
1035,Ando Public School,
1040,Anna Bay Public School,93.7
1042,Annandale North Public School,96.5
1041,Annandale Public School,94.6
3719,Annangrove Public School,93.4
5625,Anson Street School,
4656,Anzac Park Public School,na
1045,Appin Public School,95
1048,Arcadia Public School,95.4
4132,Arcadia Vale Public School,93.4
1051,Ardlethan Central School,92.2
3904,Argenton Public School,94.3
1055,Ariah Park Central School,92.1
1057,Armidale City Public School,93.4
8102,Armidale High School,85.3
8915,Armidale Secondary College,
7401,Arncliffe Public School,94.2
5103,Arncliffe West Infants School,93.4
5538,Arndell School,
5656,Arranounbai School,
1061,Artarmon Public School,96.8
8892,Arthur Phillip High School,90.2
1064,Ashbury Public School,95.3
8397,Ashcroft High School,86.1
4344,Ashcroft Public School,92.6
8832,Ashfield Boys High School,90.7
1065,Ashfield Public School,95
1066,Ashford Central School,89.8
4375,Ashmont Public School,88.4
4642,Ashtonfield Public School,94.2
8245,Asquith Boys High School,93.2
8222,Asquith Girls High School,92.7
1070,Asquith Public School,94.6
3453,Athelstane Public School,93.6
1071,Attunga Public School,93
8253,Auburn Girls High School,90.8
1073,Auburn North Public School,94.3
7403,Auburn Public School,93.8
1075,Auburn West Public School,93.1
1076,Austinmer Public School,94.5
1077,Austral Public School,93.6
5104,Australia Street Infants School,94.2
3792,Avalon Public School,94.1
1082,Avoca Beach Public School,94.3
1081,Avoca Public School,94.2
1084,Awaba Public School,94.6
1091,Badgerys Creek Public School,
4291,Balarang Public School,94.6
1098,Bald Blair Public School,94.9
3794,Bald Face Public School,96.5
3736,Balgowlah Heights Public School,95.9
3984,Balgowlah North Public School,95.1
1106,Balgownie Public School,95.5
1111,Ballimore Public School,97.5
8195,Ballina Coast High School,80.7
1112,Ballina Public School,92.9
7404,Balmain Public School,96.5
1115,Balranald Central School,86.4
1118,Bangalow Public School,93
4536,Bangor Public School,94.9
4571,Banks Public School,93
4217,Banksia Road Public School,92.6
1121,Banksmeadow Public School,94.8
8254,Bankstown Girls High School,87.7
1124,Bankstown North Public School,94.2
7405,Bankstown Public School,93.4
8381,Bankstown Senior College,89.3
5246,Bankstown South Infants School,92.9
4142,Bankstown West Public School,93.8
8282,Banora Point High School,87.2
1129,Banora Point Public School,94.8
1130,Baradine Central School,90.2
4311,Bardia Public School,93.7
5148,Bardwell Park Infants School,94.4
1131,Barellan Central School,92.3
1134,Bargo Public School,94.5
8461,Barham High School,92.1
1135,Barham Public School,93
1136,Barkers Vale Public School,87
1137,Barmedman Public School,95.2
4599,Barnier Public School,93.3
1138,Barnsley Public School,94.1
1139,Barooga Public School,94
1140,Barraba Central School,85.5
4501,Barrack Heights Public School,93.7
4671,Barramurra Public School,
8454,Barrenjoey High School,91.8
1143,Barrington Public School,96.1
5762,Barwon Learning Centre,
1146,Baryulgil Public School,sp
8223,Bass High School,87.3
1148,Bass Hill Public School,93.1
4520,Bateau Bay Public School,93.5
8581,Batemans Bay High School,84.3
1149,Batemans Bay Public School,91.7
5647,Bates Drive School,
1150,Bathurst Public School,92.8
3847,Bathurst South Public School,92.9
3824,Bathurst West Public School,93.5
1152,Batlow Technology School,90.4
8464,Baulkham Hills High School,96
4377,Baulkham Hills North Public School,95.1
4660,Bayanami Public School,
3971,Beacon Hill Public School,95.7
4630,Beaumont Hills Public School,95
3956,Beaumont Road Public School,97.2
5212,Beauty Point Public School,95.9
1160,Beckom Public School,97.8
1164,Bedgerabong Public School,95.1
1165,Beechwood Public School,94.3
1166,Beecroft Public School,96.6
1167,Beelbangera Public School,93.8
8165,Bega High School,86.1
1168,Bega Valley Public School,90.1
4137,Bega West Public School,
4370,Belair Public School,95.1
4663,Bella Vista Public School,
3979,Bellambi Public School,92.1
1175,Bellata Public School,92
1177,Bellbird Public School,92.8
1178,Bellbrook Public School,84.5
1179,Bellevue Hill Public School,95.1
1180,Bellimbopinni Public School,
8258,Bellingen High School,89.9
1181,Bellingen Public School,90.4
1182,Belltrees Public School,96.9
8203,Belmont High School,92.4
3927,Belmont North Public School,92.2
1183,Belmont Public School,91.6
8804,Belmore Boys High School,90.1
1185,Belmore North Public School,92.9
1186,Belmore South Public School,93.8
3748,Belrose Public School,95.9
1189,Bemboka Public School,93.3
1196,Ben Lomond Public School,96.1
1198,Ben Venue Public School,94.8
1191,Bendemeer Public School,96.5
4285,Bennett Road Public School,92
1199,Berala Public School,96.8
1201,Beresfield Public School,91
4405,Beresford Road Public School,94.3
4450,Berinba Public School,92.3
1202,Berkeley Public School,92.3
1203,Berkeley Vale Public School,93.3
4180,Berkeley West Public School,94
1204,Bermagui Public School,91.5
1205,Berowra Public School,95.8
1206,Berridale Public School,94.5
1207,Berrigan Public School,93
1209,Berrima Public School,95.1
1211,Berry Public School,92.4
4192,Bert Oldfield Public School,91.6
5508,Beverley Park School,
8255,Beverly Hills Girls High School,90.8
3944,Beverly Hills North Public School,95.2
1215,Beverly Hills Public School,93.1
1217,Bexhill Public School,94.3
2308,Bexley North Public School,95.2
7406,Bexley Public School,93.5
1219,Bibbenluke Public School,
4206,Biddabah Public School,95.4
4480,Bidwill Public School,86.7
1223,Bigga Public School,92.1
1224,Bilambil Public School,94.3
1225,Bilbul Public School,
4359,Bilgola Plateau Public School,94.1
8503,Billabong High School,89.1
1228,Bilpin Public School,92.8
1230,Binalong Public School,92
1231,Binda Public School,91.6
1234,Bingara Central School,89.9
1237,Binnaway Central School,85.4
1238,Binya Public School,93.6
3988,Biraban Public School,88.6
1240,Birchgrove Public School,96.2
8213,Birrong Boys High School,85.6
8854,Birrong Girls High School,91.3
4057,Birrong Public School,94.8
1247,Black Hill Public School,95.6
1249,Black Mountain Public School,94.1
4190,Black Springs Public School,96.8
3966,Blackalls Park Public School,93.6
4453,Blackett Public School,88.7
1246,Blackheath Public School,93.6
4197,Blacksmiths Public School,95.4
8244,Blacktown Boys High School,92.2
8224,Blacktown Girls High School,91.8
4061,Blacktown North Public School,91.8
4193,Blacktown South Public School,93.8
4116,Blacktown West Public School,91.7
1252,Blackville Public School,95.9
4559,Blackwell Public School,93.4
4535,Blairmount Public School,93.2
1254,Blakebrook Public School,92.2
8236,Blakehurst High School,91.8
1255,Blakehurst Public School,94.8
1256,Blandford Public School,96
1257,Blaxcell Street Public School,92.1
4313,Blaxland East Public School,94.9
8522,Blaxland High School,91.8
1258,Blaxland Public School,92.8
8357,Blayney High School,90.1
1260,Blayney Public School,94.5
5265,Bletchington Public School,93.3
4585,Bligh Park Public School,92.9
1261,Blighty Public School,95.7
4623,Blue Haven Public School,91.8
1266,Boambee Public School,94.3
1269,Bobin Public School,92.7
1271,Bobs Farm Public School,90.8
1272,Bodalla Public School,92.3
1274,Bogan Gate Public School,95.8
4632,Bogangar Public School,93.3
1275,Boggabilla Central School,73.4
1276,Boggabri Public School,91.5
1286,Bolwarra Public School,94.4
8448,Bomaderry High School,88.2
1287,Bomaderry Public School,92.3
8486,Bombala High School,90.6
1288,Bombala Public School,93.5
1290,Bonalbo Central School,78.9
1292,Bondi Beach Public School,96.9
7407,Bondi Public School,94.3
1293,Bongongo Public School,97.2
2532,Bonnells Bay Public School,93.6
4507,Bonnet Bay Public School,95.4
4594,Bonnyrigg Heights Public School,93.3
8260,Bonnyrigg High School,94.2
4545,Bonnyrigg Public School,95.9
1296,Bonshaw Public School,94.5
1297,Bonville Public School,94.8
1302,Boolaroo Public School,91.6
1303,Booligal Public School,92.4
1307,Boomi Public School,91.9
4017,Booragul Public School,92.6
1311,Booral Public School,94.2
1313,Boorowa Central School,90.7
1318,Boree Creek Public School,95.7
3504,Borenore Public School,96.1
1320,Boronia Park Public School,95.2
8582,Bossley Park High School,93.4
1321,Bossley Park Public School,94.2
1323,Botany Public School,94.5
8355,Bourke High School,74.5
1326,Bourke Public School,92
7408,Bourke Street Public School,94.2
4538,Bowen Public School,91.9
1334,Bowning Public School,94.3
8104,Bowral High School,90.2
1335,Bowral Public School,94.7
1336,Bowraville Central School,86.8
4403,Bradbury Public School,93.6
4525,Braddock Public School,90.8
4406,Bradfordville Public School,94.8
1340,Braidwood Central School,89.1
1341,Branxton Public School,93
1345,Breadalbane Public School,95.2
1347,Bredbo Public School,92.8
1350,Brewarrina Central School,83.9
4458,Briar Road Public School,92
1354,Bribbaree Public School,88.9
5540,Bridge Road School,
1358,Brighton-Le-Sands Public School,93.5
1360,Bringelly Public School,90.5
8513,Brisbane Water Secondary College Umina Campus,87.3
8374,Brisbane Water Secondary College Woy Woy Campus,85.9
1498,Brisbania Public School,93.5
1361,Broadwater Public School,94
1363,Brocklesby Public School,95.1
5529,Broderick Gillawarna School,
1367,Broke Public School,94.3
8105,Broken Hill High School,85.5
1371,Broken Hill North Public School,89.9
1369,Broken Hill Public School,91.2
1372,Bronte Public School,96.1
4566,Brooke Avenue Public School,91.6
1377,Brooklyn Public School,94.1
1379,Brookvale Public School,93.5
4612,Broulee Public School,93.8
1387,Brungle Public School,96.9
1389,Brunswick Heads Public School,93.4
5749,Budawang School,
4183,Budgewoi Public School,92.6
1402,Bulahdelah Central School,88.9
4228,Bullarah Public School,85.5
8878,Bulli High School,90
1411,Bulli Public School,93.6
5569,Bullimbal School,
1414,Bundanoon Public School,94.1
1415,Bundarra Central School,90.2
3765,Bundeena Public School,94.1
1421,Bungendore Public School,93.2
1424,Bungwahl Public School,93.1
4616,Buninyong Public School,88.3
1425,Bunnaloo Public School,93.8
1432,Burke Ward Public School,91
1433,Burnside Public School,96.3
1688,Buronga Public School,92.7
1437,Burraga Public School,94.9
4259,Burraneer Bay Public School,94.8
1445,Burrawang Public School,92.3
1447,Burren Junction Public School,92.2
1449,Burringbar Public School,93.4
1453,Burrumbuttock Public School,94.8
8152,Burwood Girls High School,94.5
1455,Burwood Public School,95.3
4337,Busby Public School,92.2
4396,Busby West Public School,91.6
1460,Buxton Public School,93.2
1461,Byabarra Public School,
1464,Bylong Upper Public School,
8577,Byron Bay High School,88.7
1470,Byron Bay Public School,91.7
1471,Cabbage Tree Island Public School,89.5
8209,Cabramatta High School,93.3
1472,Cabramatta Public School,94.8
3980,Cabramatta West Public School,93.4
3928,Cabramurra Public School,sp
4615,Caddies Creek Public School,94.7
5606,Cairnsfoot School,
4380,Calare Public School,93.7
5573,Caldera School,
8880,Callaghan College Jesmond Senior Campus,na
8259,Callaghan College Wallsend Campus,88.1
8508,Callaghan College Waratah Campus,91.6
4626,Callala Public School,92.9
1481,Cambewarra Public School,94.3
4484,Cambridge Gardens Public School,94.1
8516,Cambridge Park High School,88
4060,Cambridge Park Public School,92.2
8280,Camden Haven High School,88.9
8217,Camden High School,88.8
1482,Camden Public School,94.1
4286,Camden South Public School,94.7
1483,Camdenville Public School,94.1
1485,Cammeray Public School,96.6
8910,Cammeraygal High School,94.2
5735,Campbell House School,
4490,Campbellfield Public School,91.7
4277,Campbelltown East Public School,91.5
4126,Campbelltown North Public School,91.8
8180,Campbelltown Performing Arts High School,86.1
1486,Campbelltown Public School,93.2
1488,Campsie Public School,94.7
1490,Candelo Public School,92.2
1492,Caniaba Public School,92.9
3983,Canley Heights Public School,92.9
8393,Canley Vale High School,95
1494,Canley Vale Public School,94.4
1495,Canobolas Public School,95.7
8444,Canobolas Rural Technology High School,81.7
8518,Canowindra High School,87.1
7301,Canowindra Public School,93.2
8107,Canterbury Boys High School,89.4
8806,Canterbury Girls High School,92.2
1497,Canterbury Public School,93.5
5109,Canterbury South Public School,94.7
5759,Canterbury Vale School,
1501,Capertee Public School,95.5
1502,Captains Flat Public School,93.1
1503,Caragabal Public School,93.4
1504,Carcoar Public School,95.8
8903,Cardiff High School,89
5260,Cardiff North Public School,95.2
1505,Cardiff Public School,93.7
3895,Cardiff South Public School,95.6
5610,Carenne School,
1506,Cargo Public School,96.7
1507,Carinda Public School,92.3
8240,Caringbah High School,97
3972,Caringbah North Public School,96.1
1508,Caringbah Public School,94.9
5703,Carinya School,
8447,Carlingford High School,95.5
7302,Carlingford Public School,96
4393,Carlingford West Public School,96.4
1512,Carlton Public School,94.7
1513,Carlton South Public School,94.1
5652,Caroline Chisholm School,
1515,Carool Public School,94.7
3328,Carramar Public School,94
1517,Carrathool Public School,94.2
1518,Carrington Public School,93.9
1520,Carroll Public School,94.6
4360,Cartwright Public School,92
8154,Casino High School,86.7
1526,Casino Public School,93.1
5166,Casino West Public School,88.4
1527,Cassilis Public School,89.2
3919,Castle Cove Public School,96.1
8382,Castle Hill High School,94.7
1529,Castle Hill Public School,95
4148,Castlereagh Public School,93.8
5574,Casuarina School,
8476,Casula High School,87.2
4198,Casula Public School,92.4
1535,Cattai Public School,89.6
4367,Caves Beach Public School,94.1
1537,Cawdor Public School,94.2
8273,Cecil Hills High School,92.5
4635,Cecil Hills Public School,94.2
4607,Centaur Public School,93.6
5516,Centennial Park School,
4110,Central Mangrove Public School,93.5
8288,Central Sydney Intensive English High School,96.2
3214,Central Tilba Public School,94.5
1543,Cessnock East Public School,91
8108,Cessnock High School,83.4
1542,Cessnock Public School,89.5
1545,Cessnock West Public School,92.7
3831,Chalmers Road School,
1547,Chandler Public School,97.7
4194,Charlestown East Public School,94.9
1550,Charlestown Public School,93.8
4324,Charlestown South Public School,94.4
8414,Chatham High School,78.4
4014,Chatham Public School,91.4
8232,Chatswood High School,94
7409,Chatswood Public School,96.2
1553,Chatsworth Island Public School,91.2
8208,Cheltenham Girls High School,95.7
4440,Cherrybrook Public School,96.5
8592,Cherrybrook Technology High School,94.5
4398,Chertsey Primary School,92.1
8269,Chester Hill High School,89.7
3981,Chester Hill North Public School,94.6
3698,Chester Hill Public School,93.5
8528,Chifley College Bidwill Campus,82.3
8488,Chifley College Dunheved Campus,80
8459,Chifley College Mount Druitt Campus,82.3
8473,Chifley College Senior Campus,na
8496,Chifley College Shalvey Campus,83
4299,Chifley Public School,93.4
1558,Chillingham Public School,91.3
1560,Chipping Norton Public School,94.2
4542,Chittaway Bay Public School,93
3808,Chullora Public School,92.3
4527,Clairgate Public School,92.9
4565,Clare Public School,86.5
4622,Claremont Meadows Public School,92.4
1564,Clarence Town Public School,93.7
5655,Clarke Road School,
4510,Claymore Public School,91.2
1566,Clemton Park Public School,95
2668,Clergate Public School,95.1
1573,Clovelly Public School,95.6
1574,Clunes Public School,94.6
4022,Coal Point Public School,94.4
8356,Cobar High School,88.5
1578,Cobar Public School,91.4
1579,Cobargo Public School,92.4
1580,Cobbitty Public School,94.8
1583,Coffee Camp Public School,90.9
8109,Coffs Harbour High School,88.8
5763,Coffs Harbour Learning Centre,
1584,Coffs Harbour Public School,92.5
8272,Coffs Harbour Senior College,na
4348,Coleambally Central School,89.6
1587,Coledale Public School,95.4
1589,Collarenebri Central School,78.2
3970,Collaroy Plateau Public School,95
1590,Collector Public School,94.3
1591,Collingullie Public School,95.9
1593,Collins Creek Public School,93.1
1346,Colo Heights Public School,92
8526,Colo High School,89
1085,Colo Vale Public School,93.8
8443,Colyton High School,83.4
1596,Colyton Public School,93.2
1601,Comboyne Public School,91.4
1604,Comleroy Road Public School,93.4
1605,Como Public School,92.8
3896,Como West Public School,95
1606,Conargo Public School,91.9
8535,Concord High School,92
1607,Concord Public School,94.9
1608,Concord West Public School,94.6
8398,Condell Park High School,87.4
3789,Condell Park Public School,92.3
8346,Condobolin High School,86.5
1609,Condobolin Public School,93.3
1611,Condong Public School,94
1822,Congewai Public School,87.6
1612,Coniston Public School,92.6
1613,Connells Point Public School,96.2
8147,Conservatorium High School,97.1
1615,Cooerwull Public School,94
1616,Coogee Public School,96.2
5575,Cook School,
1621,Coolah Central School,91.5
1624,Coolamon Central School,91.4
1627,Coolongolook Public School,92.2
3890,Cooma North Public School,93.3
1628,Cooma Public School,92.6
8494,Coomealla High School,84
8347,Coonabarabran High School,88.6
1630,Coonabarabran Public School,92.7
8451,Coonamble High School,76.4
1631,Coonamble Public School,88.3
1632,Coopernook Public School,92.2
1634,Coorabell Public School,90.3
1635,Cooranbong Public School,93.8
8190,Cootamundra High School,88.1
1636,Cootamundra Public School,93.8
4548,Copacabana Public School,93
1642,Copmanhurst Public School,93.8
1644,Coraki Public School,87.4
1647,Coramba Public School,94.3
5637,Coreen School,
1654,Corindi Public School,91.4
4300,Corinella Public School,
1656,Corndale Public School,95.4
8308,Corowa High School,89.5
1658,Corowa Public School,92.8
1659,Corowa South Public School,92.6
3877,Corrimal East Public School,94
8191,Corrimal High School,83.2
1661,Corrimal Public School,93.1
1666,Coutts Crossing Public School,92.6
1668,Cowan Public School,95.3
1670,Cowper Public School,97
8148,Cowra High School,86.1
1671,Cowra Public School,93.4
1674,Crabbes Creek Public School,90.5
8580,Cranebrook High School,81.6
4504,Crawford Public School,89.4
1681,Crescent Head Public School,92.1
8552,Crestwood High School,93.4
4441,Crestwood Public School,95.7
4037,Cringila Public School,90.1
5407,Cromehurst School,
4241,Cromer Public School,94.9
8261,Cronulla High School,91.7
1682,Cronulla Public School,94.5
3668,Cronulla South Public School,94.2
8452,Crookwell High School,90.8
1684,Crookwell Public School,94.9
3717,Croppa Creek Public School,93.7
1685,Crossmaglen Public School,95.3
3769,Crowdy Head Public School,
3935,Crown Street Public School,95
7412,Croydon Park Public School,94.2
7411,Croydon Public School,95.5
1690,Crystal Creek Public School,91.1
1695,Cudal Public School,94.3
4555,Cudgegong Valley Public School,94.1
1696,Cudgen Public School,92.9
4485,Culburra Public School,92.5
1698,Culcairn Public School,94
1700,Cullen Bullen Public School,92
8905,Cumberland High School,92.4
1707,Cumnock Public School,94.2
1708,Cundletown Public School,93
3925,Curl Curl North Public School,95.4
1712,Curlewis Public School,96.2
1714,Currabubula Public School,94.9
4460,Curran Public School,91.3
4625,Currans Hill Public School,93.6
7413,Daceyville Public School,94.3
1722,Dalgety Public School,90.5
4634,Dalmeny Public School,93.4
1723,Dalton Public School,93.7
8204,Dapto High School,91.4
1727,Dapto Public School,94.8
4222,Darcy Road Public School,94.4
1732,Dareton Public School,75.8
7414,Darlinghurst Public School,94
1736,Darlington Point Public School,93
1735,Darlington Public School,94.7
8479,Davidson High School,93.8
4446,Dawson Public School,92.4
1744,Dee Why Public School,94.3
1742,Deepwater Public School,89.5
1745,Delegate Public School,93.2
1747,Delungra Public School,93.3
8218,Deniliquin High School,88.6
4281,Deniliquin North Public School,94.3
4112,Deniliquin South Public School,95.1
8103,"Denison College of Secondary Education, Bathurst High Campus",89.7
8517,"Denison College of Secondary Education, Kelso High Campus",87.8
3862,Denistone East Public School,95.9
1749,Denman Public School,94.5
3873,Dobroyd Point Public School,96.1
8399,Doonside High School,82.9
1760,Doonside Public School,89.9
1761,Dooralong Public School,
1762,Dora Creek Public School,94.8
8453,Dorrigo High School,89.3
7316,Dorrigo Public School,90.4
1768,Double Bay Public School,96.3
1769,Doubtful Creek Public School,92.6
1770,Douglas Park Public School,94.3
1771,Drake Public School,93.3
1058,Drummond Memorial Public School,89.4
1774,Drummoyne Public School,96
8543,Dubbo College Delroy Campus,84.8
8110,Dubbo College Senior Campus,na
8417,Dubbo College South Campus,87.6
1776,Dubbo North Public School,91.3
1775,Dubbo Public School,94.4
1811,Dubbo South Public School,93.4
3591,Dubbo West Public School,88.5
1778,Dudley Public School,94.1
8833,Dulwich High School of Visual Arts and Design,92.1
4496,Dulwich Hill Public School,94.7
4029,Dundas Public School,93.6
1788,Dundurrabin Public School,94.2
1789,Dunedoo Central School,92.8
1791,Dungay Public School,93.1
8472,Dungog High School,90.7
1792,Dungog Public School,93
1793,Dungowan Public School,95.7
1797,Dunoon Public School,94.1
1799,Dural Public School,94
1801,Duranbah Public School,95.1
1802,Duri Public School,93
1803,Durrumbul Public School,95.3
8492,Duval High School,87.6
4383,E A Southee Public School,93.6
8569,Eagle Vale High School,84.6
1807,Earlwood Public School,95.3
8206,East Hills Boys High School,92.7
8187,East Hills Girls Technology High School,92.5
3924,East Hills Public School,93.9
1808,Eastern Creek Public School,91.7
4516,Eastlakes Public School,94.1
4041,Eastwood Heights Public School,95
7416,Eastwood Public School,96.2
1813,Ebenezer Public School,93.1
1814,Ebor Public School,97.5
8487,Eden Marine High School,87.5
1816,Eden Public School,92.2
4583,Edensor Park Public School,94.2
5737,Edgeware School,
4155,Edgeworth Heights Public School,93.9
3564,Edgeworth Public School,95.3
4418,Edward Public School,92.6
1823,Eglinton Public School,94.5
1824,Elands Public School,91.5
4199,Elanora Heights Public School,94.6
8521,Elderslie High School,90.3
4646,Elderslie Public School,94.2
4034,Eleebana Public School,95.3
4163,Elermore Vale Public School,94.3
8584,Elizabeth Macarthur High School,88.7
1826,Ellalong Public School,92.1
1827,Ellangowan Public School,
1830,Ellerston Public School,92.4
4568,Ellison Public School,95.2
1835,Eltham Public School,94
4422,Emerton Public School,92.1
1838,Emmaville Central School,89.2
1839,Empire Bay Public School,94.7
1840,Empire Vale Public School,95.9
4442,Emu Heights Public School,94.7
1841,Emu Plains Public School,94.6
8404,Endeavour Sports High School,89.1
1844,Enfield Public School,95.8
8432,Engadine High School,93.6
1845,Engadine Public School,95.6
4292,Engadine West Public School,95.1
3626,Enngonia Public School,92.3
8884,Epping Boys High School,95.2
4038,Epping Heights Public School,96.1
4165,Epping North Public School,96.6
1850,Epping Public School,96.3
1851,Epping West Public School,96.4
1853,Eraring Public School,
1856,Erina Heights Public School,93.9
8405,Erina High School,89.8
1860,Ermington Public School,96.4
4125,Ermington West Public School,94.7
3969,Errowanbang Public School,
8590,Erskine Park High School,90.3
4147,Erskineville Public School,96.5
4558,Eschol Park Public School,94.2
4674,Estella Public School,
1864,Ettalong Public School,91.3
1867,Euabalong West Public School,92.1
1869,Euchareena Public School,sp
1870,Eugowra Public School,92.3
1873,Eumungerie Public School,90.7
1874,Eungai Public School,93.6
1879,Eureka Public School,94
1883,Eurongilly Public School,95.3
1885,Euston Public School,94.2
8420,Evans High School,84.9
1886,Evans River Community School,91.3
1890,Excelsior Public School,95.9
1891,Exeter Public School,96.3
1894,Fairfax Public School,95.9
3632,Fairfield Heights Public School,93.8
8550,Fairfield High School,88.6
1895,Fairfield Public School,92.7
1896,Fairfield West Public School,93.9
8456,Fairvale High School,92.5
4009,Fairvale Public School,92.6
1898,Fairy Meadow Public School,92.6
1901,Falls Creek Public School,92.6
3976,Farmborough Road Public School,91.7
8111,Farrer Memorial Agricultural High School,94.5
1904,Fassifern Public School,92.2
4354,Faulconbridge Public School,94.4
4208,Fennell Bay Public School,91.3
3996,Fern Bay Public School,90.3
5114,Ferncourt Public School,96.3
5768,Fernhill School,
2214,Fernleigh Public School,87.1
4462,Figtree Heights Public School,95.5
8449,Figtree High School,89.1
3964,Figtree Public School,94
1915,Fingal Head Public School,89.5
8360,Finley High School,88.1
3945,Finley Public School,92.8
5405,Fisher Road School,
1920,Five Dock Public School,94.7
5723,Five Islands School,
8373,Five Islands Secondary College,76.9
4463,Flinders Public School,95.4
4379,Floraville Public School,94.5
8194,Forbes High School,85.4
4100,Forbes North Public School,92.8
1926,Forbes Public School,93.4
1930,Forest Hill Public School,95.8
1932,Forest Lodge Public School,94.9
4019,Forestville Public School,96.2
1936,Forster Public School,92.3
8504,Fort Street High School,96.6
1937,Fort Street Public School,95
5562,Fowler Road School,
8439,Francis Greenway High School,85.3
4581,Frank Partridge VC Public School,91.1
4456,Franklin Public School,93.1
1943,Frederickton Public School,94
1944,Freemans Reach Public School,94.4
1946,Frenchs Forest Public School,95.6
5685,G S Kidd Memorial School,
8481,Galston High School,91.2
1952,Galston Public School,95.2
4670,Galungara Public School,
1954,Ganmain Public School,93.9
1956,Garah Public School,91
4136,Garden Suburb Public School,95
7418,Gardeners Road Public School,92.9
4385,Gateshead West Public School,
5767,George Bass School,
3702,Georges Hall Public School,94.8
8813,Georges River College Hurstville Boys Campus,90.1
8284,Georges River College Oatley Senior Campus,na
8408,Georges River College Peakhurst Campus,92.3
8857,Georges River College Penshurst Girls Campus,91.5
1969,Gerogery Public School,95.2
1971,Gerringong Public School,93.7
1972,Geurie Public School,95.6
1978,Gilgai Public School,93.1
8349,Gilgandra High School,87.5
1979,Gilgandra Public School,91.2
1982,Gillieston Public School,90.9
4421,Gillwinga Public School,90.1
1986,Girilambone Public School,90.8
8500,Girraween High School,97
1988,Girraween Public School,95
1990,Gladesville Public School,96.5
1991,Gladstone Public School,93.9
7419,Glebe Public School,91.8
4667,Gledswood Hills Public School,
3903,Glen Alice Public School,97.2
8114,Glen Innes High School,87.4
2005,Glen Innes Public School,90.7
5116,Glen Innes West Infants School,90.4
2020,Glen William Public School,91.2
1994,Glenbrook Public School,96.3
4207,Glendale East Public School,91.1
8466,Glendale Technology High School,84.6
4608,Glendenning Public School,94.4
4620,Glendore Public School,93.9
5401,Glenfield Park School,
2001,Glenfield Public School,93
2003,Glenhaven Public School,95.5
8276,Glenmore Park High School,88.1
4591,Glenmore Park Public School,93.4
2009,Glenmore Road Public School,96.1
2012,Glenorie Public School,93.6
2015,Glenquarry Public School,95.1
2016,Glenreagh Public School,92.2
4020,Glenroi Heights Public School,90
4468,Glenroy Public School,90.8
5627,Glenvale School,
8268,Glenwood High School,93.5
4529,Glenwood Public School,92.6
2021,Glossodia Public School,94.1
8371,Gloucester High School,89.6
7303,Gloucester Public School,92.7
2027,Gol Gol Public School,93.6
2033,Goodooga Central School,85.4
2035,Goolgowi Public School,93.3
2036,Goolma Public School,94.8
2037,Goolmangar Public School,92.1
2038,Gooloogong Public School,94.5
2041,Goonellabah Public School,87.5
2042,Goonengerry Public School,92.5
3985,Gordon East Public School,95.7
3943,Gordon West Public School,96.6
8515,Gorokan High School,88.4
4517,Gorokan Public School,92.7
4218,Gosford East Public School,94.6
8115,Gosford High School,93.8
2049,Gosford Public School,94.1
2054,Goulburn East Public School,94.7
8116,Goulburn High School,88.7
2055,Goulburn North Public School,94.1
2053,Goulburn Public School,93.2
2056,Goulburn South Public School,94.2
3741,Goulburn West Public School,94.6
4567,Governor Philip King Public School,95.2
8117,Grafton High School,85
2060,Grafton Public School,92.3
4609,Grahamstown Public School,93.7
5730,Gralee School,
8811,Granville Boys High School,82.8
5236,Granville East Public School,93.2
2064,Granville Public School,92.4
8436,Granville South Creative and Performing Arts High School,83.3
2066,Granville South Public School,92.3
2068,Gravesend Public School,94.5
3914,Grays Point Public School,95.3
8534,Great Lakes College Forster Campus,88.3
8281,Great Lakes College Senior Campus,na
8289,Great Lakes College Tuncurry Campus,89.7
2071,Green Hill Public School,92
2075,Green Valley Public School,93.8
1123,Greenacre Public School,92.3
2070,Greenethorpe Public School,95.3
4624,Greenway Park Public School,94.3
3872,Greenwell Point Public School,92.6
2076,Greenwich Public School,96.2
2082,Grenfell Public School,94
2083,Gresford Public School,94.1
2084,Greta Public School,93.2
8385,Greystanes High School,91.5
2086,Greystanes Public School,95
4268,Griffith East Public School,93.7
8118,Griffith High School,84.1
4027,Griffith North Public School,92.5
2087,Griffith Public School,90.3
2089,Grong Grong Public School,
4483,Grose View Public School,95.7
2093,Guildford Public School,93.2
4000,Guildford West Public School,92.6
4461,Guise Public School,91.6
2094,Gulargambone Central School,88.8
8546,Gulgong High School,91.2
2097,Gulgong Public School,92.1
2099,Gulmarrad Public School,93.2
2100,Gum Flat Public School,93.9
8442,Gundagai High School,88.1
2102,Gundagai Public School,91.9
2103,Gundagai South Public School,94.6
2104,Gundaroo Public School,95.7
8188,Gunnedah High School,81.3
2109,Gunnedah Public School,90
4018,Gunnedah South Public School,93.6
2111,Gunning Public School,94.6
2114,Guyra Central School,90.1
2115,Gwabegar Public School,94.9
4320,Gwandalan Public School,93.2
3826,Gwynneville Public School,92.6
2116,Gymea Bay Public School,95.3
4389,Gymea North Public School,95.1
8386,Gymea Technology High School,92
2117,Haberfield Public School,96.2
5642,Halinda School,
4611,Hallidays Point Public School,93.1
4590,Hambledon Public School,94.4
3897,Hamilton North Public School,94.4
7420,Hamilton Public School,93.9
3795,Hamilton South Public School,94.7
2128,Hammondville Public School,94.2
4494,Hampden Park Public School,92
2129,Hampton Public School,94.3
2131,Hannam Vale Public School,96.5
4092,Hannans Road Public School,91.8
2132,Hanwood Public School,94.4
2133,Harbord Public School,94.4
5118,Harcourt Public School,94.7
2136,Hargraves Public School,92.8
4628,Harrington Park Public School,93.9
2139,Harrington Public School,93.6
4314,Harrington Street Public School,94.6
2142,Harwood Island Public School,93.9
4598,Hassall Grove Public School,92.6
4524,Hastings Public School,94.6
8364,"Hastings Secondary College, Port Macquarie Campus",87.1
8554,"Hastings Secondary College, Westport Campus",85.9
5698,Havenlee School,
8565,Hawkesbury High School,88.5
2145,Hay Public School,93.5
8119,Hay War Memorial High School,86.9
4399,Hayes Park Public School,94
3854,Hazelbrook Public School,94
5272,Heathcote East Public School,96
8246,Heathcote High School,93.9
2149,Heathcote Public School,94.9
4129,Heaton Public School,94.9
4447,Hebersham Public School,90.8
4336,Heckenberg Public School,92.8
2153,Helensburgh Public School,93.7
4619,Henry Fulton Public School,94.1
8467,Henry Kendall High School,88.1
2154,Henty Public School,91.8
2155,Hermidale Public School,91.1
2156,Hernani Public School,91.8
2157,Herons Creek Public School,88.3
5576,Highlands School,
2161,Hill End Public School,95.7
2166,Hill Top Public School,92.4
4318,Hillsborough Public School,94.9
2164,Hillside Public School,96.8
2165,Hillston Central School,89.6
3997,Hilltop Road Public School,92.3
4437,Hillvue Public School,86.3
4613,Hinchinbrook Public School,93.5
2167,Hinton Public School,93.1
4452,Hobartville Public School,93.6
2170,Holbrook Public School,94
2171,Holgate Public School,93.8
5736,Holman Place School,
2172,Holmwood Public School,91.7
8424,Holroyd High School,89.7
5633,Holroyd School,
8564,Holsworthy High School,89.7
4288,Holsworthy Public School,94.8
8151,Homebush Boys High School,93
2173,Homebush Public School,95.6
5251,Homebush West Public School,94.5
5755,HopeTown School,
8120,Hornsby Girls High School,97.1
4274,Hornsby Heights Public School,95.2
4365,Hornsby North Public School,96.2
5191,Hornsby South Public School,95.1
2182,Horsley Park Public School,94
2186,Howlong Public School,94.2
8485,Hoxton Park High School,88.8
2187,Hoxton Park Public School,93.9
4407,Hume Public School,91.6
2188,Humula Public School,96.6
5687,Hunter River Community School,
8219,Hunter River High School,88.7
8819,Hunter School of Performing Arts,93.2
8233,Hunter Sports High School,84.2
8207,Hunters Hill High School,90.1
2189,Hunters Hill Public School,95.6
2190,Huntingdon Public School,94.3
8121,Hurlstone Agricultural High School,96.6
5195,Hurstville Grove Infants School,91.5
2197,Hurstville Public School,95.1
2198,Hurstville South Public School,95.7
2199,Huskisson Public School,92.7
2201,Ilford Public School,94.6
2203,Illabo Public School,97.4
4246,Illaroo Road Public School,95.6
8205,Illawarra Sports High School,85.5
4077,Illawong Public School,95.2
2204,Iluka Public School,92.3
8262,Ingleburn High School,87.1
2206,Ingleburn Public School,92.3
8913,Inner Sydney High School,
8122,Inverell High School,87.6
2209,Inverell Public School,91.8
2211,Iona Public School,94.3
4638,Ironbark Ridge Public School,95.2
8562,Irrawang High School,87.5
4372,Irrawang Public School,90.1
2212,Islington Public School,92.6
2213,Ivanhoe Central School,94
8263,J J Cahill Memorial High School,87.5
2218,Jamberoo Public School,94.1
8460,James Busby High School,87.6
8882,James Cook Boys High School,88
4579,James Erskine Public School,93.7
8266,James Fallon High School,85.7
8497,James Meehan High School,83.5
8235,James Ruse Agricultural High School,98.1
8559,Jamison High School,88.9
4544,Jamisontown Public School,94.8
4004,Jannali East Public School,95.7
3829,Jannali Public School,96.1
4382,Jasper Road Public School,95.1
2223,Jennings Public School,80.8
2225,Jerangle Public School,97
2226,Jerilderie Public School,94.7
4633,Jerrabomberra Public School,95.4
2231,Jerrys Plains Public School,91
2234,Jesmond Public School,93
4469,Jewells Primary School,94.6
2235,Jiggi Public School,95.7
2236,Jilliby Public School,93.3
2237,Jindabyne Central School,91.8
2239,Jindera Public School,95.1
8290,John Edmondson High School,91
4648,John Palmer Public School,95.3
4572,John Purchase Public School,96.1
4479,John Warby Public School,91.8
2243,Johns River Public School,89.2
4669,Jordan Springs Public School,
2245,Jugiong Public School,92
8179,Junee High School,87.6
2248,Junee North Public School,93.6
2247,Junee Public School,92
3874,Kahibah Public School,94.4
5699,Kalinda School,
4515,Kambora Public School,96
8489,Kanahooka High School,88.6
5744,Kandeer School,
8318,Kandos High School,90.8
2254,Kandos Public School,90.5
2255,Kangaloon Public School,94.2
2256,Kangaroo Valley Public School,94.6
2259,Kanwal Public School,93.4
3923,Kapooka Public School,94.3
8524,Karabar High School,87.5
2260,Karangi Public School,93.5
4488,Kareela Public School,95.6
8292,Kariong Mountains High School,89.2
4580,Kariong Public School,93.8
5581,Karningul School,
5670,Karonga School,
2263,Karuah Public School,91.8
8150,Katoomba High School,87.7
3987,Katoomba North Public School,91.9
4546,Katoomba Public School,92.2
4593,Kearns Public School,91.9
2267,Kearsley Public School,92.5
2270,Kegworth Public School,95.9
8541,Keira High School,89.7
2271,Keiraville Public School,95.2
2273,Kellys Plains Public School,92.3
8477,Kellyville High School,92.3
2274,Kellyville Public School,95.4
4639,Kellyville Ridge Public School,95
2275,Kelso Public School,92.4
4083,Kemblawarra Public School,90
3615,Kemps Creek Public School,93.5
2278,Kempsey East Public School,95.9
8123,Kempsey High School,78.5
4196,Kempsey South Public School,85.9
2279,Kempsey West Public School,90.1
2280,Kendall Public School,92.8
2283,Kensington Public School,96.1
4160,Kent Road Public School,95.9
2284,Kenthurst Public School,94.9
2285,Kentlyn Public School,94.2
2286,Kentucky Public School,90.8
4270,Khancoban Public School,95.2
8171,Kiama High School,90.8
2293,Kiama Public School,93.6
8457,Killara High School,95.5
3918,Killara Public School,96.5
8422,Killarney Heights High School,95.4
4386,Killarney Heights Public School,95.6
4426,Killarney Vale Public School,92
2303,Kinchela Public School,94.3
8585,Kincumber High School,89.1
2304,Kincumber Public School,94
4467,King Park Public School,93.6
4514,King Street Public School,92.4
4528,Kings Langley Public School,95
8579,Kingscliff High School,88.8
4054,Kingscliff Public School,92.8
8247,Kingsgrove High School,90.2
8221,Kingsgrove North High School,91.9
2307,Kingsgrove Public School,93.9
2310,Kingstown Public School,94.3
8458,Kingswood High School,85.4
4346,Kingswood Park Public School,92.3
2312,Kingswood Public School,93.2
4339,Kingswood South Public School,92.9
2314,Kirkton Public School,95.2
8437,Kirrawee High School,93.3
4075,Kirrawee Public School,93.6
2315,Kitchener Public School,93.9
8320,Kogarah High School,88.9
2319,Kogarah Public School,95.2
4409,Koonawarra Public School,91
2326,Koorawatha Public School,89.8
8483,Kooringal High School,87.3
4173,Kooringal Public School,93.2
2327,Kootingal Public School,94
2330,Kororo Public School,93.9
8423,Kotara High School,92.2
5738,Kotara School,
4203,Kotara South Public School,95.3
2333,Krambach Public School,95.6
2334,Kulnura Public School,93.1
8416,Ku-ring-gai High School,91.8
2340,Kurmond Public School,93.5
2341,Kurnell Public School,94.3
2343,Kurrajong East Public School,94.3
2344,Kurrajong North Public School,95.9
2342,Kurrajong Public School,94.1
5621,Kurrambee School,
8177,Kurri Kurri High School,85.5
7422,Kurri Kurri Public School,91.5
5141,Kyeemagh Public School,96
8189,Kyogle High School,92.9
2349,Kyogle Public School,92.5
2373,La Perouse Public School,90.6
2353,Ladysmith Public School,95.2
2354,Laggan Public School,92.5
2356,Laguna Public School,94
4230,Laguna Street Public School,96
2357,Lake Albert Public School,94.6
2359,Lake Cargelligo Central School,83.6
4654,Lake Cathie Public School,92.1
4011,Lake Heights Public School,93
8474,Lake Illawarra High School,86
3867,Lake Illawarra South Public School,93.2
8210,Lake Macquarie High School,83.1
8279,Lake Munmorah High School,88.4
2362,Lake Munmorah Public School,93.1
2363,Lake Wyangan Public School,94.4
4266,Lakelands Public School,93.8
2360,Lakemba Public School,92.8
5686,Lakeside School,
4191,Lalor Park Public School,89.8
8482,Lambton High School,92.8
2366,Lambton Public School,94
2368,Lane Cove Public School,96.3
3908,Lane Cove West Public School,96.3
2370,Lansdowne Public School,93.9
4391,Lansvale East Public School,90.1
5220,Lansvale Public School,93.9
4424,Lapstone Public School,95
2374,Largs Public School,93.8
2375,Larnook Public School,92.2
2377,Laurieton Public School,92.9
4168,Lavington East Public School,93.2
2378,Lavington Public School,93.1
5632,Lawrence Hargrave School,
2379,Lawrence Public School,93.3
2381,Lawson Public School,91.9
8156,Leeton High School,85.7
2386,Leeton Public School,94
1740,Leeville Public School,90.6
7423,Leichhardt Public School,95.9
4184,Lennox Head Public School,93
4475,Leonay Public School,94.9
2926,Leppington Public School,92.7
5712,Les Powell School,
4408,Lethbridge Park Public School,90.2
8532,Leumeah High School,87.3
4058,Leumeah Public School,94
2391,Leura Public School,93.2
4369,Lewisham Public School,94.9
2394,Lidcombe Public School,95.4
2395,Lightning Ridge Central School,86.6
4084,Lilli Pilli Public School,95.2
2404,Lindfield East Public School,96.5
4658,Lindfield Learning Village,
2403,Lindfield Public School,96.8
4042,Lindsay Park Public School,94.4
8544,Lisarow High School,90.6
2407,Lisarow Public School,94.5
4085,Lismore Heights Public School,93.2
1780,Lismore Public School,91.9
2409,Lismore South Public School,91.9
8125,Lithgow High School,86.3
2410,Lithgow Public School,92.3
8186,Liverpool Boys High School,90.5
8176,Liverpool Girls High School,88.6
7424,Liverpool Public School,93.1
4161,Liverpool West Public School,91.5
2413,Llandilo Public School,93.4
2417,Lochinvar Public School,92.9
2418,Lockhart Central School,89.5
4221,Loftus Public School,95.6
5753,Lomandra School,
2421,Londonderry Public School,93.4
2423,Long Flat Public School,94.3
1921,Lord Howe Island Central School,91.1
3594,Louth Public School,sp
2428,Lowanna Public School,89.4
2429,Lowesdale Public School,97
5713,Lucas Gardens School,
8271,Lucas Heights Community School,93.5
2431,Luddenham Public School,91.6
2432,Lue Public School,96.6
3796,Lugarno Public School,95.2
8401,Lurnea High School,86.3
4289,Lurnea Public School,91
2436,Lyndhurst Public School,93.1
4258,Lynwood Park Public School,92
8822,Macarthur Girls High School,93.3
2439,Macdonald Valley Public School,94.6
8490,Macintyre High School,87.3
8162,Macksville High School,85.1
2444,Macksville Public School,91.2
8362,Maclean High School,86.8
3946,Maclean Public School,92.8
8553,Macquarie Fields High School,93.5
4064,Macquarie Fields Public School,93.5
4449,Madang Avenue Public School,91.4
2448,Maimuru Public School,93.8
3236,Main Arm Upper Public School,93.4
5630,Mainsbridge School,
2451,Maitland East Public School,93.1
8127,Maitland Grossmann High School,90.2
8126,Maitland High School,85
3949,Maitland Public School,92
2454,Malabar Public School,95.4
4035,Mallan Public School,
4262,Mallawa Public School,sp
2460,Mandurama Public School,88.4
2462,Mangoplah Public School,
2464,Manifold Public School,91.6
2465,Manildra Public School,95.8
7305,Manilla Central School,87.8
4021,Manly Vale Public School,94.7
3950,Manly Village Public School,94.6
2469,Manly West Public School,95.6
4316,Mannering Park Public School,91.6
4552,Manning Gardens Public School,84.9
2472,Maraylya Public School,92.8
4282,Marayong Heights Public School,92.7
4166,Marayong Public School,90.3
4327,Marayong South Public School,92.8
4652,Marie Bashir Public School,95.6
3898,Marks Point Public School,94.8
2480,Maroota Public School,94.5
2482,Maroubra Bay Public School,93.2
7427,Maroubra Junction Public School,95.4
4454,Marra Creek Public School,sp
2485,Marrar Public School,95.6
8540,Marrickville High School,90.9
3952,Marrickville Public School,93.9
3951,Marrickville West Public School,93.4
8225,Marsden High School,91.9
2489,Marsden Park Public School,93.6
4278,Marsden Road Public School,93.6
2492,Martindale Public School,96.2
2493,Martins Creek Public School,96.3
2494,Martins Gully Public School,93.2
4431,Marton Public School,96.3
2496,Marulan Public School,94.3
5721,Mary Brooksbank School,
4600,Maryland Public School,94.2
2499,Mascot Public School,95.2
2500,Mathoura Public School,92.7
2501,Matong Public School,91.2
2502,Matraville Public School,93.1
4067,Matraville Soldiers Settlement Public School,90.9
8249,Matraville Sports High School,85.5
4526,Matthew Pearce Public School,95.9
4466,Mawarra Public School,94.1
2506,Mayfield East Public School,93.4
2507,Mayfield West Public School,94.7
2508,Mayrung Public School,94.8
3886,McCallums Hill Public School,92.9
2509,Meadow Flat Public School,94.1
3863,Meadowbank Public School,95.1
2511,Medlow Public School,94.7
2512,Medowie Public School,93.9
2515,Megalong Public School,95.5
3846,Melrose Park Public School,95.6
8566,Melville High School,82.9
8583,Menai High School,91.9
2520,Menai Public School,91.2
2522,Mendooran Central School,87.8
2523,Menindee Central School,86.7
4416,Merewether Heights Public School,94.4
8510,Merewether High School,95.8
2525,Merewether Public School,92.6
2526,Merimbula Public School,91.6
2528,Merriwa Central School,89.7
5126,Merrylands East Public School,92
8227,Merrylands High School,88.5
2531,Merrylands Public School,94.3
4444,Metella Road Public School,94.8
4521,Metford Public School,91.3
5577,Mian School,
2540,Michelago Public School,96.2
2542,Middle Dural Public School,93.1
2543,Middle Harbour Public School,95.5
4647,Middleton Grange Public School,93.1
4089,Middleton Public School,92.9
2550,Milbrodale Public School,94.5
2551,Milbrulong Public School,
2553,Millbank Public School,sp
8394,Miller High School,87.2
4338,Miller Public School,88.8
2554,Millers Forest Public School,91.9
2555,Millfield Public School,92.2
2558,Millthorpe Public School,94.6
2560,Milperra Public School,94.9
2565,Milton Public School,92.3
4432,Mimosa Public School,95.4
4577,Minchinbury Public School,92.9
5616,Minerva School,
4115,Mingoola Public School,99.2
2571,Minmi Public School,96
4498,Minnamurra Public School,94.1
2572,Minto Public School,90.1
4122,Miranda North Public School,94.1
2574,Miranda Public School,94.5
8403,Mitchell High School,90.8
2580,Mitchells Island Public School,93.6
2581,Mittagong Public School,93.2
2584,Moama Public School,89.7
2585,Modanville Public School,96.6
8499,Model Farms High School,93.3
2586,Mogo Public School,80.1
2590,Molong Central School,93
2593,Mona Vale Public School,95.1
8196,Monaro High School,89.1
2599,Monteagle Public School,95.7
2608,Moonbi Public School,93.6
8501,Moorebank High School,92.5
8241,Moorefield Girls High School,89.1
2616,Moorland Public School,92.6
4118,Moree East Public School,77.2
2618,Moree Public School,90.8
8325,Moree Secondary College Albert St Campus,65.3
8471,Moree Secondary College Carol Ave Campus,79.5
4232,Morgan Street Public School,93.1
8413,Morisset High School,84.8
2621,Morisset Public School,91
2623,Morpeth Public School,92.6
2624,Mortdale Public School,95
2625,Mortlake Public School,94.2
8368,Moruya High School,85.8
2628,Moruya Public School,91.2
8326,Mosman High School,94
7430,Mosman Public School,95.6
8388,Moss Vale High School,89.9
2631,Moss Vale Public School,93.4
2632,Moulamein Public School,92.5
8286,Mount Annan High School,89.5
4597,Mount Annan Public School,94.1
8407,Mount Austin High School,84.5
4215,Mount Austin Public School,87.2
4423,Mount Brown Public School,93.2
3885,Mount Colah Public School,95.8
4290,Mount Druitt Public School,92.5
2637,Mount George Public School,89.2
2640,Mount Hunter Public School,95.4
3939,Mount Hutton Public School,92
2641,Mount Kanwary Public School,94.9
2642,Mount Keira Public School,95.8
2643,Mount Kembla Public School,94.6
4049,Mount Kuring-gai Public School,92.3
5241,Mount Lewis Infants School,94.8
4095,Mount Ousley Public School,93
2647,Mount Pleasant Public School,94.2
4210,Mount Pritchard East Public School,92.9
2648,Mount Pritchard Public School,93.1
4435,Mount Riverview Public School,96.1
3881,Mount St Thomas Public School,94.6
4610,Mount Terry Public School,94.5
2652,Mount Victoria Public School,90.3
8574,Mount View High School,87.2
4395,Mount Warrigal Public School,91.6
4015,Mowbray Public School,96.2
8128,Mudgee High School,88
2656,Mudgee Public School,93.1
8498,Muirfield High School,92.4
2658,Mulbring Public School,92.4
2659,Mulgoa Public School,94.2
2660,Mullaley Public School,96.2
4606,Mullaway Public School,92.4
2662,Mullengandra Public School,sp
2664,Mullion Creek Public School,94.8
8193,Mullumbimby High School,87.9
2665,Mullumbimby Public School,94.3
2667,Mulwala Public School,92.1
8468,Mulwaree High School,89.5
5242,Mulyan Public School,93.6
2669,Mumbil Public School,96.4
2671,Mummulgum Public School,91.4
2675,Mungindi Central School,87
2680,Murrami Public School,
4401,Murray Farm Public School,96.4
8505,Murray High School,83.9
2681,Murringo Public School,93.6
8917,Murrumbidgee Regional High School,
8328,Murrumburrah High School,87.7
2685,Murrumburrah Public School,92.2
2686,Murrurundi Public School,91.1
4101,Murwillumbah East Public School,93.2
8129,Murwillumbah High School,85.8
2687,Murwillumbah Public School,92.8
5172,Murwillumbah South Infants School,
8164,Muswellbrook High School,85.2
2688,Muswellbrook Public School,93.9
3876,Muswellbrook South Public School,88.4
2695,Nabiac Public School,93.2
8595,Nambucca Heads High School,84.8
2696,Nambucca Heads Public School,92.6
2698,Nana Glen Public School,93.4
2699,Nangus Public School,91.5
2701,Naradhan Public School,91.2
2703,Narara Public School,94.1
8591,Narara Valley High School,87
4500,Nareena Hills Public School,94.7
2704,Narellan Public School,92
4621,Narellan Vale Public School,93.3
5578,Naremburn School,
8536,Narooma High School,87.1
2758,Narooma Public School,92.8
2706,Narrabeen Lakes Public School,93.8
3906,Narrabeen North Public School,95
8512,Narrabeen Sports High School,91.2
8170,Narrabri High School,87.3
2708,Narrabri Public School,92
2709,Narrabri West Public School,92.8
4214,Narrandera East Infants School,91.9
8157,Narrandera High School,83.7
2710,Narrandera Public School,90.9
4404,Narranga Public School,93.1
3827,Narraweena Public School,94.9
8462,Narromine High School,85.6
2713,Narromine Public School,91.8
3875,Narwee Public School,94.2
2714,Nashdale Public School,95.7
2725,Nemingha Public School,94.9
8383,Nepean Creative and Performing Arts High School,90.7
2730,Neutral Bay Public School,94.6
2732,Neville Public School,95
5247,New Lambton Heights Infants School,94.3
2738,New Lambton Public School,95.6
3798,New Lambton South Public School,95
4499,Newbridge Heights Public School,94.9
2736,Newcastle East Public School,94
8509,Newcastle High School,87.2
5704,Newcastle Junior School,
5701,Newcastle Middle School,
5511,Newcastle Senior School,
4627,Newington Public School,95.4
4478,Newling Public School,90.9
2740,Newport Public School,94.3
2741,Newrybar Public School,95.5
8530,Newtown High School of Performing Arts,94.8
2744,Newtown North Public School,96
7431,Newtown Public School,96.2
4427,Niagara Park Public School,94.4
2748,Niangala Public School,sp
2749,Nicholson Street Public School,93.3
5643,Niland School,
5128,Nillo Infants School,92.6
2751,Nimbin Central School,86.5
2752,Nimmitabel Public School,90.9
2759,Nords Wharf Public School,94.4
1327,Norfolk Island Central School,
8211,Normanhurst Boys High School,96.8
2760,Normanhurst Public School,95.8
4275,Normanhurst West Public School,95.7
5760,North Gosford Learning Centre,
4149,North Haven Public School,92.6
4664,North Kellyville Public School,
4618,North Nowra Public School,93.3
2764,North Rocks Public School,96
3022,North Ryde Public School,94.9
2765,North Star Public School,93.7
8132,North Sydney Boys High School,97.6
8133,North Sydney Girls High School,97.7
2766,North Sydney Public School,95.1
3332,North Wagga Public School,93.7
4673,Northbourne Public School,
2761,Northbridge Public School,96.4
8851,Northern Beaches Secondary College Balgowlah Boys Campus,88.8
8511,Northern Beaches Secondary College Cromer Campus,89.5
8568,Northern Beaches Secondary College Freshwater Senior Campus,na
8831,Northern Beaches Secondary College Mackellar Girls Campus,93.6
8567,Northern Beaches Secondary College Manly Campus,95.6
8547,Northlakes High School,84.9
4588,Northlakes Public School,91.7
8229,Northmead Creative and Performing Arts High School,90.9
2763,Northmead Public School,94.5
4493,Noumea Public School,91.6
2768,Nowendoc Public School,97.3
4256,Nowra East Public School,88.3
8201,Nowra High School,89.9
4106,Nowra Hill Public School,95.3
2769,Nowra Public School,92.8
2771,Nulkaba Public School,93.2
2778,Numeralla Public School,
2781,Nundle Public School,93.1
4420,Nuwarra Public School,92.6
2784,Nymboida Public School,92.4
8353,Nyngan High School,91.3
2785,Nyngan Public School,90.2
8906,Oak Flats High School,89
3860,Oak Flats Public School,93.4
2789,Oakdale Public School,93.1
4604,Oakhill Drive Public School,95.9
2791,Oaklands Central School,90.8
2794,Oakville Public School,94.2
4071,Oatlands Public School,93.1
2796,Oatley Public School,96.4
3797,Oatley West Public School,96.3
8598,Oberon High School,93.3
2797,Oberon Public School,91.2
1227,Ocean Shores Public School,92.3
2798,O'Connell Public School,96.2
2799,Old Bar Public School,93.5
2800,Old Bonalbo Public School,90.2
2801,Old Guildford Public School,92.4
4534,Orama Public School,90.6
8916,Oran Park High School,
4651,Oran Park Public School,93.8
4549,Orana Heights Public School,93.7
2811,Orange East Public School,93.3
2812,Orange Grove Public School,95.4
8134,Orange High School,89.6
7307,Orange Public School,94.6
8469,Orara High School,88.4
2814,Orara Upper Public School,95
2815,Orchard Hills Public School,93.8
2818,Otford Public School,94.4
2820,Ourimbah Public School,95
8455,Oxley High School,89.3
2823,Oxley Island Public School,87.6
4055,Oxley Park Public School,92.4
3690,Oxley Vale Public School,91.4
3593,Oyster Bay Public School,95.5
1551,Pacific Palms Public School,91.1
7432,Paddington Public School,95.7
3958,Padstow Heights Public School,95.7
4088,Padstow North Public School,94.6
2826,Padstow Park Public School,94.1
3905,Pagewood Public School,95.3
3912,Palinyewah Public School,97.7
2827,Pallamallawa Public School,92.2
2829,Palmers Island Public School,92.4
2831,Pambula Public School,92.6
4012,Panania North Public School,94.1
1809,Panania Public School,95.3
5644,Para Meadows School,
4204,Parkes East Public School,93.2
8146,Parkes High School,85.4
2835,Parkes Public School,92.5
2838,Parklea Public School,94.3
4413,Parkview Public School,92.6
3840,Parramatta East Public School,93.6
8135,Parramatta High School,94.6
2842,Parramatta North Public School,94.3
2840,Parramatta Public School,93.5
2843,Parramatta West Public School,94.7
5580,Parry School,
5563,Passfield Park School,
2844,Paterson Public School,95.1
2846,Paxton Public School,95.1
2848,Peak Hill Central School,85.3
2849,Peakhurst Public School,95
4323,Peakhurst South Public School,95.3
4013,Peakhurst West Public School,94.5
2852,Peats Ridge Public School,93.1
8525,Peel High School,83.5
2855,Pelaw Main Public School,92.4
2476,Pelican Flat Public School,94.6
8395,Pendle Hill High School,90.2
3993,Pendle Hill Public School,94.1
8438,Pennant Hills High School,93.8
2857,Pennant Hills Public School,94.7
8163,Penrith High School,95.8
2859,Penrith Public School,92.6
4138,Penrith South Public School,94.2
5761,Penrith Valley Learning Centre,
2860,Penrose Public School,95.4
2861,Penshurst Public School,95.3
4051,Penshurst West Public School,95.3
2862,Perthville Public School,95.4
5666,Peterborough School,
4502,Petersham Public School,95.9
8377,Picnic Point High School,91
4342,Picnic Point Public School,96.1
8215,Picton High School,88.1
2867,Picton Public School,93.5
2870,Pilliga Public School,92.5
2884,Pitt Town Public School,94.6
8379,Pittwater High School,93.3
7308,Plattsburg Public School,92.9
4357,Pleasant Heights Public School,94.2
2886,Pleasant Hills Public School,94.7
8514,Plumpton High School,88.5
5754,Plumpton House School,
2887,Plumpton Public School,91.8
4551,Plunkett Street Public School,91.5
4050,Point Clare Public School,94.5
2893,Pomona Public School,95.9
2895,Pooncarie Public School,
8230,Port Hacking High School,92.2
2896,Port Kembla Public School,93.8
2899,Port Macquarie Public School,87.2
2897,Portland Central School,87.5
3578,Pottsville Beach Public School,91.5
4554,Prairievale Public School,93.9
8560,Prairiewood High School,91.8
2900,Premer Public School,95.2
2901,Prestons Public School,91.9
2902,Pretty Beach Public School,93.4
2904,Primbee Public School,94.2
8184,Punchbowl Boys High School,85.7
2910,Punchbowl Public School,93
2913,Putney Public School,95.9
3777,Pymble Public School,95.8
2917,Quaama Public School,92.1
4212,Quakers Hill East Public School,94.8
8594,Quakers Hill High School,90.7
2918,Quakers Hill Public School,94.1
2919,Quambone Public School,94
2920,Quandialla Public School,92
4371,Queanbeyan East Public School,91.8
8216,Queanbeyan High School,88.4
2922,Queanbeyan Public School,94
4394,Queanbeyan South Public School,91.2
4127,Queanbeyan West Public School,93.8
8174,Quirindi High School,86.3
3947,Quirindi Public School,92.7
2927,Raglan Public School,95.3
4233,Railway Town Public School,91.3
2930,Rainbow Street Public School,96.3
2931,Raleigh Public School,93
3830,Ramsgate Public School,94
2933,Rand Public School,96.1
8161,Randwick Boys High School,90.5
8220,Randwick Girls High School,92
4250,Randwick Public School,95.8
2935,Rankins Springs Public School,95.3
2937,Rappville Public School,92.8
2193,Rathmines Public School,93.2
2943,Raymond Terrace Public School,92.9
4410,Red Hill Public School,90.5
2948,Red Range Public School,90.3
5559,Redbank School,
2946,Redhead Public School,94.3
2950,Regents Park Public School,93.3
2951,Regentville Public School,94.1
2953,Reids Flat Public School,
2955,Repton Public School,95.1
2958,Revesby Public School,94.5
4016,Revesby South Public School,94.8
8178,Richmond High School,86.1
2965,Richmond North Public School,94.5
3999,Richmond Public School,94.1
4312,Ringrose Public School,93.6
5654,Rivendell School,
4653,Riverbank Public School,94.4
8243,Riverside Girls High School,93.6
8907,Riverstone High School,87.4
2970,Riverstone Public School,91.1
3743,Riverwood Public School,92.7
8575,Robert Townson High School,88.6
4569,Robert Townson Public School,92.7
2971,Robertson Public School,94.6
2973,Rockdale Public School,93.2
2974,Rockley Public School,sp
2983,Rocky River Public School,95.2
2985,Rollands Plains Upper Public School,94.4
8908,Rooty Hill High School,89.7
4056,Rooty Hill Public School,92.3
4645,Ropes Crossing Public School,93.2
2988,Rose Bay Public School,96.2
8555,Rose Bay Secondary College,91.6
2987,Rosebank Public School,93
7444,Rosehill Public School,94.7
4294,Roselea Public School,96.2
4537,Rosemeadow Public School,92.3
2994,Roseville Public School,96.6
2996,Rosewood Public School,91.9
2997,Ross Hill Public School,91.4
2999,Rossmore Public School,93.1
3003,Rouchel Public School,
3006,Rous Public School,93.8
8291,Rouse Hill High School,92
3008,Rouse Hill Public School,94.4
3580,Rowena Public School,93.8
5411,Rowland Hassall School,
7435,Rozelle Public School,95.6
3012,Rugby Public School,sp
3013,Rukenvale Public School,95.8
4489,Ruse Public School,93.9
5132,Russell Lea Public School,96.3
3973,Russell Vale Public School,94.1
4561,Rutherford Public School,91.3
8572,Rutherford Technology High School,87.4
4123,Rydalmere East Public School,92.9
3020,Rydalmere Public School,94.1
4257,Ryde East Public School,95.1
3021,Ryde Public School,94.5
8415,Ryde Secondary College,93.7
3024,Rye Park Public School,95
3025,Rylstone Public School,92.4
4491,Sackville Street Public School,92.6
4319,Sadleir Public School,93.2
3035,Salt Ash Public School,94
4574,Samuel Gilbert Public School,95.8
4560,Samuel Terry Public School,93.1
4464,Sanctuary Point Public School,93.2
5696,Sandon Public School,92.5
4557,Sandy Beach Public School,93.7
1974,Sandy Hollow Public School,94.5
3038,Sans Souci Public School,95.2
8551,Sarah Redfern High School,94
4509,Sarah Redfern Public School,91.6
3041,Savernake Public School,96.7
3042,Sawtell Public School,93.8
3045,Scarborough Public School,95
3046,Schofields Public School,93.9
8409,Scone High School,90.9
7311,Scone Public School,92.1
3635,Scotts Head Public School,94.1
1104,Seaforth Public School,95.1
3048,Seaham Public School,93.3
8265,Sefton High School,97.1
5188,Sefton Infants School,96.1
8231,Seven Hills High School,84.8
3053,Seven Hills North Public School,95.1
3931,Seven Hills Public School,92.3
4162,Seven Hills West Public School,92.5
4476,Shalvey Public School,94.3
4641,Shell Cove Public School,94.3
4381,Shelley Public School,92
3060,Shellharbour Public School,93.6
4328,Sherwood Grange Public School,94.5
4640,Sherwood Ridge Public School,95.1
4589,Shoal Bay Public School,93.5
1625,Shoalhaven Heads Public School,93.8
8561,Shoalhaven High School,77.6
3065,Shortland Public School,92.5
4486,Singleton Heights Public School,92.9
8202,Singleton High School,87.8
3070,Singleton Public School,92.5
5675,Sir Eric Woodward Memorial School,
8250,Sir Joseph Banks High School,87.8
4668,Smalls Road Public School,
3073,Smithfield Public School,94.7
4355,Smithfield West Public School,93.2
8542,Smiths Hill High School,96.7
3075,Smithtown Public School,93.8
5674,Snowy Valleys School,
3077,Sofala Public School,93.2
3696,Soldiers Point Public School,93.2
3078,Somersby Public School,93.6
3079,Somerton Public School,91.6
3703,South Coogee Public School,95.5
5771,South Creek School,
8406,South Grafton High School,84.7
2061,South Grafton Public School,89.5
8545,South Sydney High School,86.8
3333,South Wagga Public School,94.7
3083,South West Rocks Public School,93
4428,Southern Cross Public School,91.1
3968,Speers Point Public School,94.3
3084,Spencer Public School,
4657,Spring Farm Public School,92.5
3089,Spring Hill Public School,92.7
3091,Spring Ridge Public School,93.7
3093,Spring Terrace Public School,94.5
4523,Springdale Heights Public School,92.3
8446,Springwood High School,90.9
3095,Springwood Public School,94.5
4481,St Andrews Public School,93.9
8571,St Clair High School,87.2
4531,St Clair Public School,94.5
8136,St George Girls High School,96.6
5527,St George School,
3673,St Georges Basin Public School,92.5
4603,St Helens Park Public School,92.7
8400,St Ives High School,93.9
4293,St Ives North Public School,96.1
4400,St Ives Park Public School,95.7
4331,St Ives Public School,95.8
8531,St Johns Park High School,92.4
3029,St Johns Park Public School,95.8
4205,St Marys North Public School,90.6
3031,St Marys Public School,91.8
8870,St Marys Senior High School,na
4279,St Marys South Public School,91.9
3032,St Peters Public School,95.2
5133,Stanford Merthyr Infants School,94.1
7436,Stanmore Public School,95.6
3103,Stanwell Park Public School,95.5
3109,Stockinbingal Public School,92.4
3110,Stockton Public School,93.7
3112,Stokers Siding Public School,91.7
3119,Stratford Public School,92.3
3122,Stratheden Public School,94.3
8169,Strathfield Girls High School,96.3
3123,Strathfield North Public School,95.4
8252,Strathfield South High School,86.8
3124,Strathfield South Public School,95.8
3125,Stroud Public School,92.3
3126,Stroud Road Public School,95.6
3127,Stuart Town Public School,96.8
3643,Stuarts Point Public School,94
4457,Sturt Public School,94.3
3129,Summer Hill Public School,95.6
4562,Sunshine Bay Public School,91.2
4631,Surveyors Creek Public School,94.7
3659,Sussex Inlet Public School,93.6
3822,Sutherland North Public School,96.1
3136,Sutherland Public School,93.3
3138,Sutton Forest Public School,
3137,Sutton Public School,94.4
8389,Swansea High School,87.1
3141,Swansea Public School,93.6
8137,Sydney Boys High School,96
8138,Sydney Girls High School,96
8484,Sydney Secondary College Balmain Campus,92.1
8539,Sydney Secondary College Blackwattle Bay Campus,na
8507,Sydney Secondary College Leichhardt Campus,92.8
8141,Sydney Technical High School,96.8
4024,Sylvania Heights Public School,95
8463,Sylvania High School,91.2
3143,Sylvania Public School,94.1
3534,Table Top Public School,94.8
3145,Tabulam Public School,91.5
4617,Tacking Point Public School,94.4
3147,Tacoma Public School,94.4
3148,Tahmoor Public School,92.1
4374,Talbingo Public School,91.2
3153,Tallimba Public School,92.8
3154,Tallong Public School,93.3
5459,Tallowood School,
3156,Tambar Springs Public School,sp
8139,Tamworth High School,84.7
3157,Tamworth Public School,94.3
3882,Tamworth South Public School,91.9
3158,Tamworth West Public School,93
5684,Tangara School,
4547,Tanilba Bay Public School,94.1
3159,Tanja Public School,95.2
3162,Tarago Public School,93.2
3163,Taralga Public School,94
3165,Tarcutta Public School,88.4
8140,Taree High School,85.6
3167,Taree Public School,87.3
3909,Taree West Public School,92.5
3168,Taren Point Public School,93.9
3820,Tarrawanna Public School,94.3
4263,Tarro Public School,92.9
3173,Tathra Public School,93.4
5112,Taverners Hill Infants School,95.7
3175,Tea Gardens Public School,92
2177,Telarah Public School,89.9
3176,Telegraph Point Public School,92.9
4103,Telopea Public School,89.7
8168,Temora High School,90.5
3178,Temora Public School,93.5
4209,Temora West Public School,92.6
8506,Tempe High School,94.5
3948,Tempe Public School,94.4
3180,Tenambit Public School,91.9
8358,Tenterfield High School,84.9
3183,Teralba Public School,95.7
3185,Terara Public School,94.6
3189,Terranora Public School,94.6
3190,Terrey Hills Public School,95.3
8533,Terrigal High School,89.5
3191,Terrigal Public School,93.8
4578,Teven-Tintenbar Public School,94.4
4573,Tharawal Public School,95.1
3195,Tharbogang Public School,94.9
5579,The Beach School,
5758,The Bidgee School,
1548,The Channon Public School,94.4
5634,The Crescent School,
1849,The Entrance Public School,91
8372,The Forest High School,91.8
4518,The Grange Public School,91.5
8314,The Henry Lawson High School,92.4
5688,The Hills School,
8412,The Hills Sports High School,86.8
8852,The Jannali High School,92.3
2246,The Junction Public School,93.5
2510,The Meadows Public School,91.4
2793,The Oaks Public School,94.3
2890,The Pocket Public School,90.2
8911,The Ponds High School,93.8
5765,The Ponds School,
2968,The Risk Public School,94.4
8520,"The Rivers Secondary College, Kadina High Campus",85.1
8124,"The Rivers Secondary College, Lismore High Campus",82.6
8214,"The Rivers Secondary College, Richmond River High Campus",87.1
2976,The Rock Central School,91.9
3182,The Sir Henry Parkes Memorial Public School,90.3
3200,Thirlmere Public School,91.9
3201,Thirroul Public School,94.9
4539,Thomas Acres Public School,92.6
8589,Thomas Reddall High School,84.2
4276,Thornleigh West Public School,96.8
3204,Thornton Public School,93
3208,Thurgoona Public School,94
3211,Tibooburra Outback Public School,88.3
3213,Tighes Hill Public School,95.3
1016,Timbumburi Public School,95.1
3218,Tingha Public School,88.9
3219,Tinonee Public School,94.5
3221,Tintinhull Public School,92.7
3222,Tirranna Public School,93.5
5770,Tirriwirri School,
3225,Tocumwal Public School,92.2
8502,Tomaree High School,87.1
2723,Tomaree Public School,93.2
3226,Tomerong Public School,93.5
3235,Tooleybuc Central School,93.4
3239,Toomelah Public School,90.4
4366,Toongabbie East Public School,91.2
3240,Toongabbie Public School,95.4
4364,Toongabbie West Public School,94.1
3242,Tooraweenah Public School,92.9
8527,Toormina High School,88.1
4506,Toormina Public School,92.2
8909,Toronto High School,85.4
3247,Toronto Public School,93.5
3249,Tottenham Central School,91.8
3250,Toukley Public School,91.7
3252,Towamba Public School,93.1
4151,Tower Street Public School,94.3
3866,Towradgi Public School,95.6
3254,Trangie Central School,88.5
3255,Tregeagle Public School,94
4402,Tregear Public School,88.7
3259,Trundle Central School,92.7
3260,Trunkey Public School,90.1
4164,Truscott Street Public School,95.6
3263,Tucabia Public School,92.9
8563,Tuggerah Lakes Secondary College Berkeley Vale Campus,89.6
8465,Tuggerah Lakes Secondary College The Entrance Campus,na
8274,Tuggerah Lakes Secondary College Tumbi Umbi Campus,85.1
3269,Tuggerah Public School,94.1
4097,Tuggerawong Public School,92.6
3270,Tullamore Central School,92.4
3272,Tullibigeal Central School,90.5
4649,Tullimbar Public School,92.6
4225,Tulloona Public School,sp
8450,Tumbarumba High School,89
3275,Tumbarumba Public School,92.1
3277,Tumbulgum Public School,96.2
8343,Tumut High School,88.4
3278,Tumut Public School,93.9
4533,Tuncurry Public School,91.7
3283,Tuntable Creek Public School,94.9
8435,Turramurra High School,94.8
3288,Turramurra North Public School,95.4
3855,Turramurra Public School,96.1
4144,Turvey Park Public School,94.4
3290,Tweed Heads Public School,92.4
4111,Tweed Heads South Public School,90.9
8370,Tweed River High School,87.4
3293,Tyalgum Public School,94.2
4503,Tyalla Public School,92.4
3298,Uki Public School,92.7
3300,Ulan Public School,94.9
8495,Ulladulla High School,88.4
3302,Ulladulla Public School,94
3303,Ulmarra Public School,94.1
3304,Ulong Public School,91.4
3305,Ultimo Public School,93.6
3995,Umina Beach Public School,93.2
3308,Unanderra Public School,93.2
3310,Undercliffe Public School,94.3
3311,Ungarie Central School,92
3760,Upper Coopers Creek Public School,90.6
2372,Upper Lansdowne Public School,94.3
3864,Uralla Central School,92
3314,Urana Public School,91.6
1499,Uranquinty Public School,97.2
3316,Urbenville Public School,90.6
3318,Urunga Public School,94.5
3321,Vacy Public School,94.1
4185,Valentine Public School,95.7
4508,Valley View Public School,93.8
4248,Vardys Road Public School,94.4
3325,Vaucluse Public School,94.3
5583,Verona School,
4655,Victoria Avenue Public School,93
3977,Villawood East Public School,92.2
4065,Villawood North Public School,94.5
8593,Vincentia High School,84.9
4592,Vincentia Public School,93.3
3329,Vineyard Public School,91.8
8278,Wadalba Community School,88.3
8470,Wade High School,89.1
8142,Wagga Wagga High School,90.5
3330,Wagga Wagga Public School,96.5
3833,Wahroonga Public School,95.9
5631,Wairoa School,
3334,Waitara Public School,94.8
5582,Wakefield School,
4368,Wakehurst Public School,95.7
3336,Wakool Burraboi Public School,95.1
3338,Walbundrie Public School,95.9
3340,Walcha Central School,91.9
8475,Walgett Community College - High School,60.9
3342,Walgett Community College - Primary School,87.5
3343,Walhallow Public School,87.8
3352,Walla Walla Public School,92.7
3345,Wallabadah Public School,93.9
3346,Wallacia Public School,92.8
3353,Wallendbeen Public School,95.3
3354,Wallerawang Public School,93.8
3357,Wallsend Public School,91.4
3851,Wallsend South Public School,95
4310,Walters Road Public School,93.4
4522,Wamberal Public School,93.9
3364,Wamoon Public School,93.2
3365,Wanaaring Public School,86.9
5568,Wangee Park School,
3373,Wangi Wangi Public School,94.2
3960,Waniora Public School,94.5
3377,Waratah Public School,92.2
3932,Waratah West Public School,89.6
3378,Wardell Public School,94.2
8519,Warialda High School,84
3382,Warialda Public School,91.7
8418,Warilla High School,90.9
4333,Warilla North Public School,90.1
4005,Warilla Public School,91.9
8440,Warners Bay High School,91.9
3384,Warners Bay Public School,94.3
4117,Warnervale Public School,93.5
3744,Warragamba Public School,93.4
3390,Warrawee Public School,96.1
8480,Warrawong High School,84.7
3104,Warrawong Public School,91
3392,Warren Central School,86.8
4195,Warrimoo Public School,95.6
3678,Warwick Farm Public School,92.8
3396,Waterfall Public School,95.6
4059,Wattawa Heights Public School,93
3402,Wattle Flat Public School,94.1
3871,Wattle Grove Public School,95.1
8173,Wauchope High School,88.1
3404,Wauchope Public School,93
3953,Waverley Public School,94.4
3412,Wee Jasper Public School,96.8
8270,Wee Waa High School,87.2
3416,Wee Waa Public School,89.8
3415,Weethalle Public School,91.1
4305,Weilmoringle Public School,87.9
8197,Wellington High School,80.6
3420,Wellington Public School,89.7
3422,Wentworth Falls Public School,92.2
4662,Wentworth Point Public School,
3421,Wentworth Public School,92.6
3423,Wentworthville Public School,94.4
4541,Werrington County Public School,93.8
4473,Werrington Public School,91.1
3425,Werris Creek Public School,90
2858,West Pennant Hills Public School,95.4
4283,West Pymble Public School,95.6
3023,West Ryde Public School,95.9
8411,West Wallsend High School,86.5
3358,West Wallsend Public School,91.9
8392,West Wyalong High School,88.6
3519,West Wyalong Public School,93.5
3428,Westdale Public School,92.6
8384,Westfields Sports High School,92.3
5238,Westlawn Public School,94.1
3883,Westmead Public School,95.7
3431,Weston Public School,90
4411,Westport Public School,93
5653,Wewak Street School,
4378,Whalan Public School,89.5
4249,Wheeler Heights Public School,95.3
2980,Whian Whian Public School,94.2
3435,White Cliffs Public School,97.2
8390,Whitebridge High School,91.9
3438,Whitton-Murrami Public School,95.2
3439,Wiangaree Public School,91.3
4474,Widemere Public School,95.6
4433,Wideview Public School,96.9
3441,Wilberforce Public School,94.6
3442,Wilcannia Central School,66.2
8888,Wiley Park Girls High School,87.7
4553,Wiley Park Public School,92.5
4543,Wilkins Public School,95.4
5550,Willans Hill School,
3445,Willawarrin Public School,89.3
4602,William Bayldon Public School,91.1
4576,William Dean Public School,92.9
5614,William Rose School,
4563,William Stimson Public School,93.7
4470,Willmot Public School,88.6
8159,Willoughby Girls High School,95.8
3449,Willoughby Public School,96.4
3451,Willow Tree Public School,94.8
8491,Willyama High School,87.1
5689,Wilson Park School,
3454,Wilsons Creek Public School,88.1
4650,Wilton Public School,94.4
3893,Windale Public School,88.3
1992,Windang Public School,93
3457,Windellama Public School,95.3
3458,Windeyer Public School,
8396,Windsor High School,85.6
4614,Windsor Park Public School,93.9
3459,Windsor Public School,94
4066,Windsor South Public School,90.5
3461,Wingello Public School,90.7
4575,Wingham Brush Public School,93.4
8391,Wingham High School,88.2
7314,Wingham Public School,94
8573,Winmalee High School,92.1
4436,Winmalee Public School,94
4471,Winston Heights Public School,94.8
4417,Winston Hills Public School,95.5
3762,Wiripaang Public School,88.3
4564,Wirreanda Public School,94.6
3470,Wisemans Ferry Public School,93.7
3473,Wollar Public School,94.2
3474,Wollombi Public School,
4438,Wollondilly Public School,94.3
3475,Wollongbar Public School,93.9
8143,Wollongong High School of the Performing Arts,91
3954,Wollongong Public School,94.6
3477,Wollongong West Public School,93.2
8596,Wollumbin High School,91.4
3479,Wolumla Public School,92.8
3482,Wombat Public School,94
3487,Wongarbon Public School,94.7
5609,Woniora Road School,
5764,Woodberry Learning Centre,
4459,Woodberry Public School,88.4
3490,Woodburn Public School,93.2
3491,Woodenbong Central School,86.6
2345,Woodford Dale Public School,
4492,Woodland Road Public School,93.5
1857,Woodport Public School,95.2
3499,Woodstock Public School,94.4
3501,Woolbrook Public School,93.8
8548,Woolgoolga High School,89.1
3503,Woolgoolga Public School,92.6
2841,Wooli Public School,89.2
7442,Woollahra Public School,93.9
3506,Woolomin Public School,93.5
8433,Woolooware High School,92.6
3957,Woolooware Public School,94.7
4637,Woongarrah Public School,94
4296,Woonona East Public School,93.5
8410,Woonona High School,91.8
3510,Woonona Public School,95.1
3735,Woronora River Public School,94.5
7445,Woy Woy Public School,91.4
4329,Woy Woy South Public School,91.7
3518,Wyalong Public School,90.9
3521,Wyangala Dam Public School,91.6
3522,Wyee Public School,93.2
8277,Wyndham College,na
3525,Wyndham Public School,91.2
4397,Wyoming Public School,93.7
3528,Wyong Creek Public School,90.4
4532,Wyong Grove Public School,
8166,Wyong High School,89.8
3527,Wyong Public School,93.2
3529,Wyrallah Public School,95.3
3856,Wyrallah Road Public School,92.9
4556,Wytaliba Public School,92.6
3869,Yagoona Public School,93.1
3533,Yamba Public School,93.4
8144,Yanco Agricultural High School,96.4
3536,Yanco Public School,94.7
5766,Yandelora School,
3537,Yanderra Public School,95.6
4298,Yarrawarrah Public School,95.6
3547,Yarrowitch Public School,88.4
8334,Yass High School,89.4
3549,Yass Public School,93.6
4157,Yates Avenue Public School,92.3
5769,Yawarra Community School,
3554,Yenda Public School,94.5
3986,Yennora Public School,93.8
5120,Yeo Park Infants School,96
3555,Yeoval Central School,90.7
3556,Yerong Creek Public School,95
3559,Yetman Public School,96.3
3561,Yoogali Public School,94.3
4482,York Public School,94.5
8155,Young High School,85.9
4131,Young North Public School,93.3
3563,Young Public School,94.4
4124,Yowie Bay Public School,95.9
5460,Yudi Gunyi School,
3566,Zig Zag Public School,93.5
,NSW government,92.4
